{
    "language": "Python",
    "sample_file": "./aws-iot-device-sdk-python-v2/samples/mqtt5_pubsub.py",
    "sample_region": "us-east-1",
    "sample_main_class": "mqtt5.pubsub.PubSub",
    "arguments": [
        {
            "name": "--endpoint",
            "secret": "ci/endpoint"
        },
        {
            "name": "--cert",
            "secret": "ci/mqtt5/us/mqtt5_thing/cert",
            "filename": "tmp_certificate.pem"
        },
        {
            "name": "--key",
            "secret": "ci/mqtt5/us/mqtt5_thing/key",
            "filename": "tmp_key.pem"
        },
        {
            "name": "--is_ci",
            "data": "true"
        }
    ]
}
