{
    "language": "Python",
    "sample_file": "./aws-iot-device-sdk-python-v2/samples/windows_cert_connect.py",
    "sample_region": "us-east-1",
    "sample_main_class": "",
    "arguments": [
        {
            "name": "--endpoint",
            "secret": "ci/endpoint"
        },
        {
            "name": "--cert",
            "windows_cert_certificate": "ci/PubSub/cert",
            "windows_cert_certificate_path": "tmp_cert.pem",
            "windows_cert_key": "ci/PubSub/key",
            "windows_cert_key_path": "tmp_key.pem",
            "windows_cert_pfx_key_path": "tmp_pfx.pem"
        },
        {
            "name": "--is_ci",
            "data": "true"
        }
    ]
}
