{
    "language": "Python",
    "sample_file": "./aws-iot-device-sdk-python-v2/samples/mqtt5_pkcs11_connect.py",
    "sample_region": "us-east-1",
    "sample_main_class": "",
    "arguments": [
        {
            "name": "--endpoint",
            "secret": "ci/endpoint"
        },
        {
            "name": "--cert",
            "secret": "ci/PubSub/cert",
            "filename": "tmp_certificate.pem"
        },
        {
            "name": "--key",
            "secret": "ci/PubSub/keyp8",
            "filename": "tmp_key.pem",
            "pkcs11_key": "true"
        },
        {
            "name": "--pkcs11_lib",
            "data": "/usr/lib/softhsm/libsofthsm2.so"
        },
        {
            "name": "--pin",
            "data": "0000"
        },
        {
            "name": "--token_label",
            "data": "my-token"
        },
        {
            "name": "--key_label",
            "data": "my-key"
        },
        {
            "name": "--is_ci",
            "data": "true"
        }
    ]
}
