{
    "language": "Python",
    "sample_file": "./aws-iot-device-sdk-python-v2/samples/fleetprovisioning_mqtt5.py",
    "sample_region": "us-east-1",
    "sample_main_class": "",
    "arguments": [
        {
            "name": "--endpoint",
            "secret": "ci/endpoint"
        },
        {
            "name": "--cert",
            "secret": "ci/FleetProvisioning/cert",
            "filename": "tmp_certificate.pem"
        },
        {
            "name": "--key",
            "secret": "ci/FleetProvisioning/key",
            "filename": "tmp_key.pem"
        },
        {
            "name": "--template_name",
            "data": "CI_FleetProvisioning_Template"
        },
        {
            "name": "--template_parameters",
            "data": "{\"SerialNumber\":\"$INPUT_UUID\"}"
        },
        {
            "name": "--is_ci",
            "data": "true"
        }
    ]
}
