{
    "language": "Python",
    "sample_file": "./aws-iot-device-sdk-python-v2/samples/custom_authorizer_connect.py",
    "sample_region": "us-east-1",
    "sample_main_class": "",
    "arguments": [
        {
            "name": "--endpoint",
            "secret": "ci/endpoint"
        },
        {
            "name": "--custom_auth_authorizer_name",
            "secret": "ci/CustomAuthorizer/name"
        },
        {
            "name": "--custom_auth_password",
            "secret": "ci/CustomAuthorizer/password"
        },
        {
            "name": "--is_ci",
            "data": "true"
        }
    ]
}
